date,rain_mm,record_type,source_entry
2024-05-01,94.23,CP,03051011-20240501-CP.txt
2024-05-02,18.20,CP,03051011-20240502-CP.txt
2024-05-03,7.30,CP,03051011-20240503-CP.txt
2024-05-04,23.20,CP,03051011-20240504-CP.txt
2024-05-05,0.30,CP,03051011-20240505-CP.txt
2024-05-06,0.00,SP,03051011-20240506-SP.txt
2024-05-07,0.00,SP,03051011-20240507-SP.txt
2024-05-08,5.25,CP,03051011-20240508-CP.txt
2024-05-09,0.00,SP,03051011-20240509-SP.txt
2024-05-10,43.00,CP,03051011-20240510-CP.txt
2024-05-11,48.75,CP,03051011-20240511-CP.txt
2024-05-12,35.23,CP,03051011-20240512-CP.txt
2024-05-13,0.77,CP,03051011-20240513-CP.txt
2024-05-14,0.00,SP,03051011-20240514-SP.txt
2024-05-15,0.00,SP,03051011-20240515-SP.txt
2024-05-16,11.42,CP,03051011-20240516-CP.txt
2024-05-17,0.00,SP,03051011-20240517-SP.txt
2024-05-18,0.83,CP,03051011-20240518-CP.txt
2024-05-19,0.47,CP,03051011-20240519-CP.txt
2024-05-20,0.25,CP,03051011-20240520-CP.txt
2024-05-21,0.00,SP,03051011-20240521-SP.txt
2024-05-22,23.04,CP,03051011-20240522-CP.txt
2024-05-23,98.27,CP,03051011-20240523-CP.txt
2024-05-24,17.93,CP,03051011-20240524-CP.txt
2024-05-25,2.01,CP,03051011-20240525-CP.txt
2024-05-26,6.57,CP,03051011-20240526-CP.txt
2024-05-27,24.37,CP,03051011-20240527-CP.txt
2024-05-28,2.84,CP,03051011-20240528-CP.txt
2024-05-29,0.00,SP,03051011-20240529-SP.txt
2024-05-30,0.00,SP,03051011-20240530-SP.txt
2024-05-31,0.00,SP,03051011-20240531-SP.txt
